Southern,11
Cajun/Creole,7
Breakfast & Brunch,146
Ice Cream & Frozen Yogurt,26
American (New),96
Steakhouses,16
American (Traditional),64
Bars,69
Coffee & Tea,129
Donuts,16
Sandwiches,77
Wine Bars,30
Tapas Bars,9
Peruvian,2
Bakeries,49
Wedding Chapels,1
Thai,49
Pan Asian,2
Chicken Wings,12
Brewpubs,4
Tapas/Small Plates,13
Waffles,7
Vietnamese,24
Cocktail Bars,72
Spanish,8
Chicken Shop,3
Delis,21
Lounges,31
French,18
Seafood,31
Gluten-Free,33
Scandinavian,4
Cuban,3
Desserts,38
Latin American,10
Botanical Gardens,6
Parks,10
Italian,47
Burgers,29
Food Trucks,39
Vegan,56
Live/Raw Food,3
Vegetarian,32
Pizza,49
Cultural Center,2
Museums,3
Modern European,5
German,8
Fondue,2
Mediterranean,23
Sushi Bars,34
Japanese,26
Asian Fusion,20
Arcades,1
Russian,1
Lebanese,12
Chocolatiers & Shops,8
Coffee Roasteries,18
Salad,18
Butcher,2
Cafes,30
Beer Bar,17
Mexican,60
Barbeque,17
Juice Bars & Smoothies,19
Cheese Shops,3
Breweries,16
Soup,10
Brazilian,3
Hotels,1
Cinema,4
Pubs,27
Whiskey Bars,5
Indian,11
Moroccan,3
Tea Rooms,12
Meat Shops,1
Beer, Wine & Spirits,13
Hawaiian,12
Tiki Bars,1
Venues & Event Spaces,17
Pasta Shops,2
Laundromat,1
Korean,10
Japanese Curry,1
Meditation Centers,1
Macarons,3
Beer Gardens,4
British,5
Middle Eastern,13
Halal,5
Basque,2
Patisserie/Cake Shop,1
Custom Cakes,2
Cideries,3
Fast Food,5
Food Court,1
Ethiopian,7
Cupcakes,3
Food Stands,25
Gastropubs,16
Comfort Food,5
Bagels,12
Noodles,25
Chinese,15
Ramen,16
Izakaya,5
Poke,6
Gelato,3
Diners,9
Australian,1
Caribbean,5
Paint & Sip,1
Art Classes,1
Dive Bars,7
Grocery,5
Belgian,2
Poutineries,1
Colombian,1
Hot Dogs,3
Music Venues,8
Tex-Mex,4
Soul Food,1
Zoos,1
Pop-Up Restaurants,1
Sports Bars,6
Art Museums,1
Bubble Tea,7
Kombucha,3
Cambodian,2
Creperies,6
Do-It-Yourself Food,1
Persian/Iranian,1
Distilleries,2
Wineries,3
Acai Bowls,7
African,2
Falafel,4
Irish,1
Irish Pub,1
Cigar Bars,1
Street Vendors,2
Wine Tasting Classes,1
Filipino,1
Cantonese,4
Buffets,3
Egyptian,4
Wine Tasting Room,1
Specialty Food,1
Dim Sum,3
Greek,4
New Mexican Cuisine,1
Motorcycle Gear,1
Caterers,2
Taiwanese,1
Boating,1
Syrian,1
Arabian,1
Candy Stores,1
Fish & Chips,3
Cooking Classes,1
Szechuan,3
Turkish,1
Tacos,1
Food Delivery Services,1
Local Flavor,2
Karaoke,1
Burmese,1
Eatertainment,1
Restaurants,1
Jazz & Blues,2
Salvadoran,1
Yelp Events,1
Polish,1
Day Spas,1
Georgian,1
Performing Arts,1
Comedy Clubs,1
Dinner Theater,1
Indonesian,1
